{
  "ablation_mode": "controller_only",
  "seed": 789,
  "best_val_acc": 0.615,
  "best_epoch": 25,
  "total_time": 1218.9632468223572,
  "train_losses": [
    1.8537725934982299,
    1.5603277759552001,
    1.3986414823532105,
    1.3097201976776123,
    1.2257809324264526,
    1.1515738067626953,
    1.1058200006484986,
    1.045550859451294,
    0.9842187786102294,
    1.072546480178833,
    1.010079158782959,
    0.9674054851531982,
    0.9345083808898926,
    0.9061664352416993,
    0.8597746472358704,
    0.8053266878128051,
    0.7700401573181153,
    0.7467057161331176,
    0.7154994993209839,
    0.7356306023597717,
    0.7246411695480347,
    0.676493239402771,
    0.6506545724868774,
    0.6269607548713684,
    0.5742342793941497
  ],
  "train_accs": [
    0.24225,
    0.384,
    0.448,
    0.483,
    0.51075,
    0.545,
    0.5605,
    0.59225,
    0.61275,
    0.6265,
    0.639,
    0.6565,
    0.6785,
    0.67825,
    0.6925,
    0.7135,
    0.731,
    0.74175,
    0.74975,
    0.7645,
    0.76825,
    0.77625,
    0.79775,
    0.79875,
    0.81975
  ],
  "val_losses": [
    1.6449413623809814,
    1.4337844705581666,
    1.3609735345840455,
    1.2468657445907594,
    1.203071312904358,
    1.1834945755004882,
    1.1795934295654298,
    1.152909460067749,
    1.137842794418335,
    1.3070422468185425,
    1.2459282875061035,
    1.2376308698654175,
    1.2001744890213013,
    1.2093727254867555,
    1.2272691831588745,
    1.1935784044265747,
    1.215334126472473,
    1.2157147197723388,
    1.249188817024231,
    1.3501604852676392,
    1.419632776260376,
    1.3884145402908326,
    1.4420734720230102,
    1.415289896965027,
    1.4473411655426025
  ],
  "val_accs": [
    0.368,
    0.457,
    0.477,
    0.51,
    0.544,
    0.535,
    0.539,
    0.553,
    0.571,
    0.542,
    0.564,
    0.565,
    0.587,
    0.587,
    0.588,
    0.602,
    0.604,
    0.592,
    0.586,
    0.61,
    0.586,
    0.596,
    0.599,
    0.596,
    0.615
  ]
}