{
  "ablation_mode": "full_adaptive",
  "seed": 456,
  "best_val_acc": 0.606,
  "best_epoch": 25,
  "total_time": 1157.822411775589,
  "train_losses": [
    1.8164150123596192,
    1.5981692457199097,
    1.4326375865936278,
    1.2814241647720337,
    1.1629261083602904,
    1.1329494466781616,
    1.0691919689178466,
    0.9783743305206298,
    1.0027517638206482,
    1.0690058126449584,
    0.9457255277633667,
    0.9342357101440429,
    0.9240870056152344,
    0.8248645286560059,
    0.8370689597129822,
    0.756626823425293,
    0.7611309094429016,
    0.6863152914047241,
    0.6612384467124939,
    0.6623076858520508,
    0.6772886915206909,
    0.6608778581619262,
    0.6164370827674865,
    0.5833085896968841,
    0.5502022495269775
  ],
  "train_accs": [
    0.251,
    0.38075,
    0.4505,
    0.4955,
    0.5245,
    0.54,
    0.5725,
    0.59275,
    0.62075,
    0.62175,
    0.64525,
    0.6675,
    0.6845,
    0.69425,
    0.7165,
    0.723,
    0.73625,
    0.768,
    0.76925,
    0.777,
    0.7795,
    0.79075,
    0.80925,
    0.805,
    0.83125
  ],
  "val_losses": [
    1.7125004529953003,
    1.5454944648742677,
    1.3355631618499755,
    1.2661875009536743,
    1.181284255027771,
    1.2050107498168945,
    1.0969013204574585,
    1.0936174383163453,
    1.0315396347045898,
    1.2200735359191894,
    1.271654525756836,
    1.2145959997177125,
    1.1542087802886962,
    1.0730319299697877,
    1.3098889102935791,
    1.2516902446746827,
    1.2562637958526612,
    1.2423251399993895,
    1.1795235147476197,
    1.3888400268554688,
    1.3905340614318848,
    1.3885902919769286,
    1.444840166091919,
    1.384820104598999,
    1.5196984462738037
  ],
  "val_accs": [
    0.328,
    0.418,
    0.511,
    0.505,
    0.523,
    0.526,
    0.536,
    0.544,
    0.564,
    0.574,
    0.578,
    0.559,
    0.561,
    0.584,
    0.573,
    0.579,
    0.597,
    0.594,
    0.591,
    0.589,
    0.596,
    0.594,
    0.603,
    0.602,
    0.606
  ]
}