{
  "ablation_mode": "monitor_only",
  "seed": 1,
  "best_val_acc": 0.604,
  "best_epoch": 23,
  "total_time": 1084.5656588077545,
  "train_losses": [
    2.018211528778076,
    1.7730557613372804,
    1.5909161586761476,
    1.4236667881011962,
    1.290754316329956,
    1.2574766750335693,
    1.1890618562698365,
    1.0819250087738037,
    1.114611689567566,
    1.0602095165252685,
    0.9506052317619323,
    0.9333087701797486,
    0.9215519742965699,
    0.821601921081543,
    0.831413070678711,
    0.751816282749176,
    0.7667445383071899,
    0.6950617356300354,
    0.6592176694869996,
    0.6014914171695709,
    0.6122818543910981,
    0.6079157657623291,
    0.574315188407898,
    0.5064280335903167,
    0.506161422252655
  ],
  "train_accs": [
    0.2515,
    0.3815,
    0.44725,
    0.48725,
    0.526,
    0.54225,
    0.573,
    0.6005,
    0.6165,
    0.626,
    0.64825,
    0.66625,
    0.68075,
    0.69275,
    0.71025,
    0.72125,
    0.73475,
    0.76375,
    0.76625,
    0.7795,
    0.7755,
    0.793,
    0.807,
    0.81875,
    0.829
  ],
  "val_losses": [
    1.8992853202819824,
    1.7174160366058349,
    1.4781031675338745,
    1.407007989883423,
    1.3113027095794678,
    1.3463727073669434,
    1.2132992935180664,
    1.2183523502349853,
    1.149258526802063,
    1.2241264781951904,
    1.2881686153411864,
    1.1964605598449707,
    1.1595114011764527,
    1.0589686307907105,
    1.299134659767151,
    1.2250606088638305,
    1.2512730684280395,
    1.2536715278625488,
    1.1888647603988647,
    1.242059531211853,
    1.257990322113037,
    1.2828044996261596,
    1.2847173681259156,
    1.2495434064865112,
    1.348907762527466
  ],
  "val_accs": [
    0.332,
    0.417,
    0.506,
    0.503,
    0.522,
    0.524,
    0.54,
    0.542,
    0.559,
    0.572,
    0.572,
    0.583,
    0.562,
    0.593,
    0.573,
    0.598,
    0.596,
    0.595,
    0.59,
    0.587,
    0.6,
    0.591,
    0.604,
    0.602,
    0.597
  ]
}