{
  "ablation_mode": "baseline",
  "seed": 1,
  "best_val_acc": 0.607,
  "best_epoch": 17,
  "total_time": 1088.1634149551392,
  "train_losses": [
    2.0603010473251344,
    1.7338704805374145,
    1.5509689617156983,
    1.4478166618347168,
    1.3623298330307008,
    1.2764010829925536,
    1.2210869884490967,
    1.1542199325561524,
    1.0922679681777954,
    1.064048632621765,
    1.0081949291229249,
    0.963026554107666,
    0.9287561511993409,
    0.905092559337616,
    0.858581337928772,
    0.7952097511291504,
    0.7671202311515808,
    0.7382115669250489,
    0.7106308145523071,
    0.666332585811615,
    0.6582032027244568,
    0.6172637629508972,
    0.5847402353286744,
    0.5713389372825622,
    0.5331751546859741
  ],
  "train_accs": [
    0.2435,
    0.38425,
    0.4485,
    0.4845,
    0.5135,
    0.55,
    0.563,
    0.59075,
    0.61625,
    0.62575,
    0.64325,
    0.6655,
    0.67775,
    0.6765,
    0.69725,
    0.71825,
    0.7285,
    0.7385,
    0.74975,
    0.76625,
    0.76975,
    0.7795,
    0.7945,
    0.8,
    0.815
  ],
  "val_losses": [
    1.8280961198806762,
    1.5954956102371216,
    1.52377756690979,
    1.3852479133605957,
    1.3324536247253418,
    1.3093945751190186,
    1.303925998687744,
    1.2919052305221557,
    1.2595748958587647,
    1.2823564472198485,
    1.2334305715560914,
    1.2122501955032348,
    1.1930185565948486,
    1.2075749025344849,
    1.2194051303863525,
    1.179440402984619,
    1.1857583494186401,
    1.2077028379440307,
    1.1933283519744873,
    1.2263041257858276,
    1.241046763420105,
    1.2440753450393678,
    1.2725385189056397,
    1.2781064023971558,
    1.2997507648468019
  ],
  "val_accs": [
    0.366,
    0.456,
    0.464,
    0.511,
    0.55,
    0.532,
    0.543,
    0.546,
    0.57,
    0.553,
    0.575,
    0.567,
    0.582,
    0.583,
    0.584,
    0.601,
    0.607,
    0.597,
    0.593,
    0.586,
    0.581,
    0.6,
    0.588,
    0.591,
    0.596
  ]
}